{"r_squared": 0.37825402337161274, "rmse": 0.7761073485873845}